{
    "type": "reply",
    "tag": "java",
    "difficulty": "1",
    "from": "网络整理",
    "description": "什么是cookie？session和cookie有什么区别？",
    "answer": "cookie是Web服务器发送给浏览器的一块信息。浏览器会在本地文件中给每一个Web服务器存储cookie。以后浏览器在给特定的Web服务器发请求的时候，同\n时会发送所有为该服务器存储的cookie。下面列出了session和cookie的区别：\n\n  * 无论客户端浏览器做怎么样的设置，session都应该能正常工作。客户端可以选择禁用cookie，但是，session仍然是能够工作的，因为客户端无法禁用服务端的session。\n\n  * 在存储的数据量方面session和cookies也是不一样的。session能够存储任意的Java对象，cookie只能存储String类型的对象。"
}