{
    "type": "reply",
    "tag": "java",
    "difficulty": "1",
    "from": "网络整理",
    "description": "JSP有什么优点？",
    "answer": "下面列出了使用JSP的优点：\n\n  * JSP页面是被动态编译成Servlet的，因此，开发者可以很容易的更新展现代码。\n  * JSP页面可以被预编译。\n  * JSP页面可以很容易的和静态模板结合，包括：HTML或者XML，也可以很容易的和产生动态内容的代码结合起来。\n  * 开发者可以提供让页面设计者以类XML格式来访问的自定义的JSP标签库。\n  * 开发者可以在组件层做逻辑上的改变，而不需要编辑单独使用了应用层逻辑的页面。"
}