{
    "type": "reply",
    "tag": "java",
    "difficulty": "1",
    "from": "网络整理",
    "description": "创建线程有几种不同的方式？你喜欢哪一种？为什么？",
    "answer": "有三种方式可以用来创建线程：\n\n  * 继承Thread类\n  * 实现Runnable接口\n  * 应用程序可以使用Executor框架来创建线程池\n\n实现Runnable接口这种方式更受欢迎，因为这不需要继承Thread类。在应用设计中已经继承了别的对象的情况下，这需要多继承（而Java不支持多继承），只\n能实现接口。同时，线程池也是非常高效的，很容易实现和使用。"
}