{
    "type": "reply",
    "tag": "java",
    "difficulty": "1",
    "from": "网络整理",
    "description": "Iterator和ListIterator的区别是什么？",
    "answer": "下面列出了他们的区别：\n\n  * Iterator可用来遍历Set和List集合，但是ListIterator只能用来遍历List。\n  * Iterator对集合只能是前向遍历，ListIterator既可以前向也可以后向。\n  * ListIterator实现了Iterator接口，并包含其他的功能，比如：增加元素，替换元素，获取前一个和后一个元素的索引，等等。"
}