{
    "type": "reply",
    "tag": "java",
    "difficulty": "1",
    "from": "网络整理",
    "description": "hashCode()和equals()方法的重要性体现在什么地方？",
    "answer": "Java中的HashMap使用hashCode()和equals()方法来确定键值对的索引，当根据键获取值的时候也会用到这两个方法。如果没有正确的实现这两个\n方法，两个不同的键可能会有相同的hash值，因此，可能会被集合认为是相等的。而且，这两个方法也用来发现重复元素。所以这两个方法的实现对HashMap的精确性\n和正确性是至关重要的。"
}