{
    "type": "reply",
    "tag": "java",
    "difficulty": "1",
    "from": "网络整理",
    "description": "Comparable和Comparator接口是干什么的？列出它们的区别。",
    "answer": "Java提供了只包含一个compareTo()方法的Comparable接口。这个方法可以个给两个对象排序。具体来说，它返回负数，0，正数来表明输入对象小于\n，等于，大于已经存在的对象。\n\nJava提供了包含compare()和equals()两个方法的Comparator接口。compare()方法用来给两个输入参数排序，返回负数，0，正数表\n明第一个参数是小于，等于，大于第二个参数。equals()方法需要一个对象作为参数，它用来决定输入参数是否和comparator相等。只有当输入参数也是一个\ncomparator并且输入参数和当前comparator的排序结果是相同的时候，这个方法才返回true。"
}