{
    "type": "reply",
    "tag": "java",
    "difficulty": "1",
    "from": "网络整理",
    "description": "HashSet和TreeSet有什么区别？",
    "answer": "HashSet是由一个hash表来实现的，因此，它的元素是无序的。add()，remove()，contains()方法的时间复杂度是O(1)。\n\n另一方面，TreeSet是由一个树形的结构来实现的，它里面的元素是有序的。因此，add()，remove()，contains()方法的时间复杂度是O(lo\ngn)。",
    "options": []
}