{
    "type": "reply",
    "tag": "java",
    "difficulty": "1",
    "from": "网络整理",
    "description": "Java中的两种异常类型是什么？他们有什么区别？",
    "answer": "Java中有两种异常：受检查的(checked)异常和不受检查的(unchecked)异常。不受检查的异常不需要在方法或者是构造函数上声明，就算方法或者是构\n造函数的执行可能会抛出这样的异常，并且不受检查的异常可以传播到方法或者是构造函数的外面。相反，受检查的异常必须要用throws语句在方法或者是构造函数上声明\n。这里有[Java异常处理](http://www.javacodegeeks.com/2013/07/java-exception-handling-\ntutorial-with-examples-and-best-practices.html)的一些小建议。",
    "options": []
}