{
    "type": "reply",
    "tag": "java",
    "difficulty": "1",
    "from": "网络整理",
    "description": "Java applet有哪些限制条件？",
    "answer": "主要是由于安全的原因，给applet施加了以下的限制：\n\n  * applet不能够载入类库或者定义本地方法。\n  * applet不能在宿主机上读写文件。\n  * applet不能读取特定的系统属性。\n  * applet不能发起网络连接，除非是跟宿主机。\n  * applet不能够开启宿主机上其他任何的程序。"
}