{
    "type": "reply",
    "tag": "java",
    "difficulty": "1",
    "from": "网络整理",
    "description": "Java中，什么是构造函数？什么是构造函数重载？什么是复制构造函数？",
    "answer": "当新对象被创建的时候，构造函数会被调用。每一个类都有构造函数。在程序员没有给类提供构造函数的情况下，Java编译器会为这个类创建一个默认的构造函数。\n\nJava中构造函数重载和方法重载很相似。可以为一个类创建多个构造函数。每一个构造函数必须有它自己唯一的参数列表。\n\nJava不支持像C++中那样的复制构造函数，这个不同点是因为如果你不自己写构造函数的情况下，Java不会创建默认的复制构造函数。",
    "options": []
}