{
    "type": "reply",
    "tag": "java",
    "difficulty": "1",
    "from": "网络整理",
    "description": "RMI的stub扮演了什么样的角色？",
    "answer": "远程对象的stub扮演了远程对象的代表或者代理的角色。调用者在本地stub上调用方法，它负责在远程对象上执行方法。当stub的方法被调用的时候，会经历以下几\n个步骤：\n\n  * 初始化到包含了远程对象的JVM的连接。\n  * 序列化参数到远程的JVM。\n  * 等待方法调用和执行的结果。\n  * 反序列化返回的值或者是方法没有执行成功情况下的异常。\n  * 把值返回给调用者。"
}