{
    "type": "reply",
    "tag": "java",
    "difficulty": "1",
    "from": "网络整理",
    "description": "解释下Serialization和Deserialization。",
    "answer": "Java提供了一种叫做对象序列化的机制，他把对象表示成一连串的字节，里面包含了对象的数据，对象的类型信息，对象内部的数据的类型信息等等。因此，序列化可以看成\n是为了把对象存储在磁盘上或者是从磁盘上读出来并重建对象而把对象扁平化的一种方式。反序列化是把对象从扁平状态转化成活动对象的相反的步骤。",
    "options": []
}