{
    "type": "reply",
    "tag": "java",
    "difficulty": "1",
    "from": "网络整理",
    "description": "GenericServlet和HttpServlet有什么区别？",
    "answer": "GenericServlet是一个通用的协议无关的Servlet，它实现了Servlet和ServletConfig接口。继承自GenericServlet\n的Servlet应该要覆盖service()方法。最后，为了开发一个能用在网页上服务于使用HTTP协议请求的Servlet，你的Servlet必须要继承自H\nttpServlet。这里有[Servlet的例子](http://examples.javacodegeeks.com/tag/servlet/)。"
}