{
    "type": "reply",
    "tag": "java",
    "difficulty": "1",
    "from": "网络整理",
    "description": "什么是Java虚拟机？为什么Java被称作是\"平台无关的编程语言\"？",
    "answer": "Java虚拟机是一个可以执行Java字节码的虚拟机进程。Java源文件被编译成能被Java虚拟机执行的字节码文件。\n\nJava被设计成允许应用程序可以运行在任意的平台，而不需要程序员为每一个平台单独重写或者是重新编译。Java虚拟机让这个变为可能，因为它知道底层硬件平台的指\n令长度和其他特性。",
    "options": []
}