{
    "type": "reply",
    "tag": "java",
    "difficulty": "1",
    "from": "网络整理",
    "description": "什么是值传递和引用传递？",
    "answer": "对象被值传递，意味着传递了对象的一个副本。因此，就算是改变了对象副本，也不会影响源对象的值。\n\n对象被引用传递，意味着传递的并不是实际的对象，而是对象的引用。因此，外部对引用对象所做的改变会反映到所有的对象上。",
    "options": []
}