{
    "type": "reply",
    "tag": "java",
    "difficulty": "1",
    "from": "网络整理",
    "description": "<p>如何知道是哪一个客户端的机器正在请求你的Servlet？</p>\n",
    "answer": "<p>ServletRequest类可以找出客户端机器的IP地址或者是主机名。getRemoteAddr()方法获取客户端主机的IP地址，getRemoteHos\nt()可以获取主机名。看下<a href=\"http://examples.javacodegeeks.com/enterprise-java/servlet\n/get-client-s-address-and-hostname-in-servlet/\">这里</a>的例子。</p>\n",
    "options": []
}