{
    "type": "reply",
    "tag": "java",
    "difficulty": "1",
    "from": "网络整理",
    "description": "<p>什么是JSP页面？</p>\n",
    "answer": "<p>JSP页面是一种包含了静态数据和JSP元素两种类型的文本的文本文档。静态数据可以用任何基于文本的格式来表示，比如：HTML或者XML。JSP是一种混合了静态\n内容和动态产生的内容的技术。这里看下<a href=\"http://examples.javacodegeeks.com/enterprise-\njava/jsp/sample-jsp-java-server-page/\">JSP的例子</a>。</p>\n",
    "options": []
}