{
    "type": "reply",
    "tag": "java",
    "difficulty": "1",
    "from": "网络整理",
    "description": "JDK和JRE的区别是什么？",
    "answer": "Java运行时环境(JRE)是将要执行Java程序的Java虚拟机。它同时也包含了执行applet需要的浏览器插件。Java开发工具包(JDK)是完整的Ja\nva软件开发包，包含了JRE，编译器和其他的工具(比如：JavaDoc，Java调试器)，可以让开发者开发、编译、执行Java应用程序。",
    "options": []
}