{
    "type": "reply",
    "tag": "java",
    "difficulty": "1",
    "from": "网络整理",
    "description": "<p>什么是迭代器(Iterator)？</p>\n",
    "answer": "<p>Iterator接口提供了很多对集合元素进行迭代的方法。每一个集合类都包含了可以返回迭代器实例的</p>\n<p>迭代方法。迭代器可以在迭代的过程中删除底层集合的元素。</p>\n<p>克隆(cloning)或者是序列化(serialization)的语义和含义是跟具体的实现相关的。因此，应该由集合类的具体实现来决定如何被克隆或者是序列化。</p>\n",
    "options": []
}