{
    "type": "reply",
    "tag": "java",
    "difficulty": "1",
    "from": "网络整理",
    "description": "<p>HashMap和Hashtable有什么区别？</p>\n",
    "answer": "<ul>\n<li>HashMap和Hashtable都实现了Map接口，因此很多特性非常相似。但是，他们有以下不同点：<ul>\n<li>HashMap允许键和值是null，而Hashtable不允许键或者值是null。</li>\n<li>Hashtable是同步的，而HashMap不是。因此，HashMap更适合于单线程环境，而Hashtable适合于多线程环境。</li>\n<li>HashMap提供了可供应用迭代的键的集合，因此，HashMap是快速失败的。另一方面，Hashtable提供了对键的列举(Enumeration)。</li>\n</ul>\n</li>\n</ul>\n",
    "options": []
}