{
    "type": "reply",
    "tag": "java",
    "difficulty": "1",
    "from": "网络整理",
    "description": "<p>ArrayList和LinkedList有什么区别？</p>\n",
    "answer": "<p>ArrayList和LinkedList都实现了List接口，他们有以下的不同点：</p>\n<ul>\n<li><p>ArrayList是基于索引的数据接口，它的底层是数组。它可以以O(1)时间复杂度对元素进行随机访问。与此对应，LinkedList是以元素列表的形式存储它的数据，每一个元素都和它的前一个和后一个元素链接在一起，在这种情况下，查找某个元素的时间复杂度是O(n)。</p>\n</li>\n<li><p>相对于ArrayList，LinkedList的插入，添加，删除操作速度更快，因为当元素被添加到集合任意位置的时候，不需要像数组那样重新计算大小或者是更新索引。</p>\n</li>\n<li><p>LinkedList比ArrayList更占内存，因为LinkedList为每一个节点存储了两个引用，一个指向前一个元素，一个指向下一个元素。</p>\n</li>\n</ul>\n<p>也可以参考<a href=\"http://www.javacodegeeks.com/2013/12\n/arraylist-vs-linkedlist.html\">ArrayList vs. LinkedList</a>。</p>\n",
    "options": []
}