{
    "type": "reply",
    "tag": "java",
    "difficulty": "1",
    "from": "网络整理",
    "description": "<p>什么是Java优先级队列(Priority Queue)？</p>\n",
    "answer": "<p>PriorityQueue是一个基于优先级堆的无界队列，它的元素是按照自然顺序(natural order)排序的。在创建的时候，我们可以给它提供一个负责给\n元素排序的比较器。PriorityQueue不允许null值，因为他们没有自然顺序，或者说他们没有任何的相关联的比较器。最后，PriorityQueue不是\n线程安全的，入队和出队的时间复杂度是O(log(n))。</p>\n",
    "options": []
}