{
    "type": "reply",
    "tag": "java",
    "difficulty": "1",
    "from": "网络整理",
    "description": "Enumeration接口和Iterator接口的区别有哪些？",
    "answer": "Enumeration速度是Iterator的2倍，同时占用更少的内存。但是，Iterator远远比Enumeration安全，因为其他线程不能够修改正在被\niterator遍历的集合里面的对象。同时，Iterator允许调用者删除底层集合里面的元素，这对Enumeration来说是不可能的。",
    "options": []
}