{
    "type": "reply",
    "tag": "java",
    "difficulty": "1",
    "from": "网络整理",
    "description": "<p>Java堆的结构是什么样子的？什么是堆中的永久代(Perm Gen space)?</p>\n",
    "answer": "<p>JVM的堆是运行时数据区，所有类的实例和数组都是在堆上分配内存。它在JVM启动的时候被创建。对象所占的堆内存是由自动内存管理系统也就是垃圾收集器回收。</p>\n<p>堆内存是由存活和死亡的对象组成的。存活的对象是应用可以访问的，不会被垃圾回收。死亡的对象是应用不可访问尚且还没有被垃圾收集器回收掉的对象。一直到垃圾收集器把\n这些对象回收掉之前，他们会一直占据堆内存空间。</p>\n",
    "options": []
}