{
    "type": "reply",
    "tag": "java",
    "difficulty": "1",
    "from": "网络整理",
    "description": "<p>JVM的永久代中会发生垃圾回收么？</p>\n",
    "answer": "<p>垃圾回收不会发生在永久代，如果永久代满了或者是超过了临界值，会触发完全垃圾回收(Full\nGC)。如果你仔细查看垃圾收集器的输出信息，就会发现永久代也是被回收的。这就是为什么正确的永久代大小对避免Full\nGC是非常重要的原因。请参考下<a href=\"http://www.javacodegeeks.com/2013/02/java-8\n-from-permgen-to-metaspace.html\">Java8：从永久代到元数据区</a></p>\n<p>(注：Java8中已经移除了永久代，新加了一个叫做元数据区的native内存区)</p>\n",
    "options": []
}