{
    "type": "reply",
    "tag": "java",
    "difficulty": "1",
    "from": "网络整理",
    "description": "<p>Java支持的数据类型有哪些？什么是自动拆装箱？</p>\n",
    "answer": "<p>Java语言支持的8中基本数据类型是：</p>\n<ul>\n<li>byte</li>\n<li>short</li>\n<li>int</li>\n<li>long</li>\n<li>float</li>\n<li>double</li>\n<li>boolean</li>\n<li>char</li>\n</ul>\n<p>自动装箱是Java编译器在基本数据类型和对应的对象包装类型之间做的一个转化。比如：把int转化成Integer，double转化成double，等等。反之就\n是自动拆箱。</p>\n",
    "options": []
}