{
    "type": "reply",
    "tag": "java",
    "difficulty": "1",
    "from": "网络整理",
    "description": "<p>Java中的方法覆盖(Overriding)和方法重载(Overloading)是什么意思？</p>\n",
    "answer": "<p>Java中的方法重载发生在同一个类里面两个或者是多个方法的方法名相同但是参数不同的情况。与此相对，方法覆盖是说子类重新定义了父类的方法。方法覆盖必须有相同的\n方法名，参数列表和返回类型。覆盖者可能不会限制它所覆盖的方法的访问。</p>\n",
    "options": []
}