{
    "type": "reply",
    "tag": "java",
    "difficulty": "1",
    "from": "网络整理",
    "description": "<p>解释下驱动(Driver)在JDBC中的角色。</p>\n",
    "answer": "<p>JDBC驱动提供了特定厂商对JDBC API接口类的实现，驱动必须要提供java.sql包下面这些类的实现：<a href=\"http://docs\n.oracle.com/javase/7/docs/api/java/sql/Connection.html\">Connection</a>,\n<a href=\"http://docs.oracle.com/javase/7/docs/api/java/sql/Statement.html\">Statement</a>,\n<a href=\"http://docs.oracle.com/javase/7/docs/api/java/sql/Prepared\nStatement.html\">PreparedStatement</a>,<a href=\"http://docs.oracle.com/javase/7/docs/api/j\nava/sql/CallableStatement.html\">CallableStatement</a>, <a href=\"http://docs.oracle.com/javase/7/d\nocs/api/java/sql/ResultSet.html\">ResultSet</a>和<a href=\"http://docs.oracle.com/javase/7/docs\n/api/java/sql/Driver.html\">Driver</a>。</p>\n",
    "options": []
}