{
    "type": "reply",
    "tag": "java",
    "difficulty": "1",
    "from": "网络整理",
    "description": "数据库连接池是什么意思？",
    "answer": "像打开关闭数据库连接这种和数据库的交互可能是很费时的，尤其是当客户端数量增加的时候，会消耗大量的资源，成本是非常高的。可以在应用服务器启动的时候建立很多个数\n据库连接并维护在一个池中。连接请求由池中的连接提供。在连接使用完毕以后，把连接归还到池中，以用于满足将来更多的请求。",
    "options": []
}