{
    "type": "reply",
    "tag": "java",
    "difficulty": "1",
    "from": "网络整理",
    "description": "RMI体系结构分哪几层？",
    "answer": "RMI体系结构分以下几层：\n\n存根和骨架层(Stub and Skeleton\nlayer)：这一层对程序员是透明的，它主要负责拦截客户端发出的方法调用请求，然后把请求重定向给远程的RMI服务。\n\n远程引用层(Remote Reference\nLayer)：RMI体系结构的第二层用来解析客户端对服务端远程对象的引用。这一层解析并管理客户端对服务端远程对象的引用。连接是点到点的。\n\n传输层(Transport\nlayer)：这一层负责连接参与服务的两个JVM。这一层是建立在网络上机器间的TCP/IP连接之上的。它提供了基本的连接服务，还有一些防火墙穿透策略。",
    "options": []
}