{
    "type": "reply",
    "tag": "java",
    "difficulty": "1",
    "from": "网络整理",
    "description": "<p>RMI中的远程接口(Remote Interface)扮演了什么样的角色？</p>\n",
    "answer": "<p>远程接口用来标识哪些方法是可以被非本地虚拟机调用的接口。远程对象必须要直接或者是间接实现远程接口。实现了远程接口的类应该声明被实现的远程接口，给每一个远程对\n象定义构造函数，给所有远程接口的方法提供实现。</p>\n",
    "options": []
}