{
    "type": "reply",
    "tag": "java",
    "difficulty": "1",
    "from": "网络整理",
    "description": "<p>RMI的stub扮演了什么样的角色？</p>\n",
    "answer": "<p>远程对象的stub扮演了远程对象的代表或者代理的角色。调用者在本地stub上调用方法，它负责在远程对象上执行方法。当stub的方法被调用的时候，会经历以下几\n个步骤：</p>\n<ul>\n<li>初始化到包含了远程对象的JVM的连接。</li>\n<li>序列化参数到远程的JVM。</li>\n<li>等待方法调用和执行的结果。</li>\n<li>反序列化返回的值或者是方法没有执行成功情况下的异常。</li>\n<li>把值返回给调用者。</li>\n</ul>\n",
    "options": []
}