{
    "type": "reply",
    "tag": "java",
    "difficulty": "1",
    "from": "网络整理",
    "description": "<p>说一下Servlet的体系结构。</p>\n",
    "answer": "<p>所有的Servlet都必须要实现的核心的接口是javax.servlet.Servlet。每一个Servlet都必须要直接或者是间接实现这个接口，或者是继承\njavax.servlet.GenericServlet或者javax.servlet.http.HTTPServlet。最后，Servlet使用多线程可以\n并行的为多个请求服务。</p>\n",
    "options": []
}