{
    "type": "reply",
    "tag": "java",
    "difficulty": "1",
    "from": "网络整理",
    "description": "解释下Servlet的生命周期。",
    "answer": "对每一个客户端的请求，Servlet引擎载入Servlet，调用它的init()方法，完成Servlet的初始化。然后，Servlet对象通过为每一个请求单\n独调用service()方法来处理所有随后来自客户端的请求，最后，调用Servlet(译者注：这里应该是Servlet而不是server)的destroy(\n)方法把Servlet删除掉。",
    "options": []
}