{
    "type": "reply",
    "tag": "java",
    "difficulty": "1",
    "from": "网络整理",
    "description": "doGet()方法和doPost()方法有什么区别？",
    "answer": "doGet：GET方法会把名值对追加在请求的URL后面。因为URL对字符数目有限制，进而限制了用在客户端请求的参数值的数目。并且请求中的参数值是可见的，因此\n，敏感信息不能用这种方式传递。\n\ndoPOST：POST方法通过把请求参数值放在请求体中来克服GET方法的限制，因此，可以发送的参数的数目是没有限制的。最后，通过POST请求传递的敏感信息对\n外部客户端是不可见的。",
    "options": []
}