{
    "type": "reply",
    "tag": "java",
    "difficulty": "1",
    "from": "网络整理",
    "description": "什么是Web应用程序？",
    "answer": "Web应用程序是对Web或者是应用服务器的动态扩展。有两种类型的Web应用：面向表现的和面向服务的。面向表现的Web应用程序会产生包含了很多种标记语言和动态\n内容的交互的web页面作为对请求的响应。而面向服务的Web应用实现了Web服务的端点(endpoint)。一般来说，一个Web应用可以看成是一组安装在服务器\nURL名称空间的特定子集下面的Servlet的集合。",
    "options": []
}