{
    "type": "reply",
    "tag": "java",
    "difficulty": "1",
    "from": "网络整理",
    "description": "<p>什么是服务端包含(Server Side Include)？</p>\n",
    "answer": "<p>服务端包含(SSI)是一种简单的解释型服务端脚本语言，大多数时候仅用在Web上，用servlet标签嵌入进来。SSI最常用的场景把一个或多个文件包含到Web\n服务器的一个Web页面中。当浏览器访问Web页面的时候，Web服务器会用对应的servlet产生的文本来替换Web页面中的servlet标签。</p>\n",
    "options": []
}